time,left,right
32,0,0
32.005,0,0
32.01,0,0
32.015,0,0
32.02,0,0
32.025,0,0
32.03,0,0
32.035,0,0
32.04,0,0
32.045,0,0
32.05,0,0
32.055,0,0
32.06,0,0
32.065,0,0
32.07,0,0
32.075,0,0
32.08,0,0
32.085,0,0
32.09,0,0
32.095,0,0
32.1,0,0
32.105,0,0
32.11,0,0
32.115,0,0
32.12,0,0
32.125,0,0
32.13,0,0
32.135,0,0
32.14,0,0
32.145,0,0
32.15,0,0
32.155,0,0
32.16,0,0
32.165,0,0
32.17,0,0
32.175,0,0
32.18,0,0
32.185,0,0
32.19,0,0
32.195,0,0
32.2,0,0
32.205,0,0
32.21,0,0
32.215,0,0
32.22,0,0
32.225,0,0
32.23,0,0
32.235,0,0
32.24,0,0
32.245,0,0
32.25,0,0
32.255,0,0
32.26,0,0
32.265,0,0
32.27,0,0
32.275,0,0
32.28,0,0
32.285,0,0
32.29,0,0
32.295,0,0
32.3,0,0
32.305,0,0
32.31,0,0
32.315,0,0
32.32,0,0
32.325,0,0
32.33,0,0
32.335,0,0
32.34,0,0
32.345,0,0
32.35,0,0
32.355,0,0
32.36,0,0
32.365,0,0
32.37,0,0
32.375,0,0
32.38,0,0
32.385,0,0
32.39,0,0
32.395,0,0
32.4,0,0
32.405,0,0
32.41,0,0
32.415,0,0
32.42,0,0
32.425,0,0
32.43,0,0
32.435,0,0
32.44,0,0
32.445,0,0
32.45,0,0
32.455,0,0
32.46,0,0
32.465,0,0
32.47,0,0
32.475,0,0
32.48,0,0
32.485,0,0
32.49,0,0
32.495,0,0
32.5,0,0
32.505,0,0
32.51,0,0
32.515,0,0
32.52,0,0
32.525,0,0
32.53,0,0
32.535,0,0
32.54,0,0
32.545,0,0
32.55,0,0
32.555,0,0
32.56,0,0
32.565,0,0
32.57,0,0
32.575,0,0
32.58,0,0
32.585,0,0
32.59,0,0
32.595,0,0
32.6,0,0
32.605,0,0
32.61,0,0
32.615,0,0
32.62,0,0
32.625,0,0
32.63,0,0
32.635,0,0
32.64,0,0
32.645,0,0
32.65,0,0
32.655,0,0
32.66,0,0
32.665,0,0
32.67,0,0
32.675,0,0
32.68,0,0
32.685,0,0
32.69,0,0
32.695,0,0
32.7,0,0
32.705,0,0
32.71,0,0
32.715,0,0
32.72,0,0
32.725,0,0
32.73,0,0
32.735,0,0
32.74,0,0
32.745,0,0
32.75,0,0
32.755,0,0
32.76,0,0
32.765,0,0
32.77,0,0
32.775,0,0
32.78,0,0
32.785,0,0
32.79,0,0
32.795,0,0
32.8,0,0
32.805,0,0
32.81,0,0
32.815,0,0
32.82,0,0
32.825,0,0
32.83,0,0
32.835,0,0
32.84,0,0
32.845,0,0
32.85,0,0
32.855,0,0
32.86,0,0
32.865,0,0
32.87,0,0
32.875,0,0
32.88,0,0
32.885,0,0
32.89,0,0
32.895,0,0
32.9,0,0
32.905,0,0
32.91,0,0
32.915,0,0
32.92,0,0
32.925,0,0
32.93,0,0
32.935,0,0
32.94,0,0
32.945,0,0
32.95,0,0
32.955,0,0
32.96,0,0
32.965,0,0
32.97,0,0
32.975,0,0
32.98,0,0
32.985,0,0
32.99,0,0
32.995,0,0
33,0,0
33.005,0,0
33.01,0,0
33.015,0,0
33.02,0,0
33.025,0,0
33.03,0,0
33.035,0,0
33.04,0,0
33.045,0,0
33.05,0,0
33.055,0,0
33.06,0,0
33.065,0,0
33.07,0,0
33.075,0,0
33.08,0,0
33.085,0,0
33.09,0,0
33.095,0,0
33.1,0,0
33.105,0,0
33.11,0,0
33.115,0,0
33.12,0,0
33.125,0,0
33.13,0,0
33.135,0,0
33.14,0,0
33.145,0,0
33.15,0,0
33.155,0,0
33.16,0,0
33.165,0,0
33.17,0,0
33.175,0,0
33.18,0,0
33.185,0,0
33.19,0,0
33.195,0,0
33.2,0,0
33.205,0,0
33.21,0,0
33.215,0,0
33.22,0,0
33.225,0,0
33.23,0,0
33.235,0,0
33.24,0,0
33.245,0,0
33.25,0,0
33.255,0,0
33.26,0,0
33.265,0,0
33.27,0,0
33.275,0,0
33.28,0,0
33.285,0,0
33.29,0,0
33.295,0,0
33.3,0,0
33.305,0,0
33.31,0,0
33.315,0,0
33.32,0,0
33.325,0,0
33.33,0,0
33.335,0,0
33.34,0,0
33.345,0,0
33.35,0,0
33.355,0,0
33.36,0,0
33.365,0,0
33.37,0,0
33.375,0,0
33.38,0,0
33.385,0,0
33.39,0,0
33.395,0,0
33.4,0,0
33.405,0,0
33.41,0,0
33.415,0,0
33.42,0,0
33.425,0,0
33.43,0,0
33.435,0,0
33.44,0,0
33.445,0,0
33.45,0,0
33.455,0,0
33.46,0,0
33.465,0,0
33.47,0,0
33.475,0,0
33.48,0,0
33.485,0,0
33.49,0,0
33.495,0,0
33.5,0,0
33.505,0,0
33.51,0,0
33.515,0,0
33.52,0,0
33.525,0,0
33.53,0,0
33.535,0,0
33.54,0,0
33.545,0,0
33.55,0,0
33.555,0,0
33.56,0,0
33.565,0,0
33.57,0,0
33.575,0,0
33.58,0,0
33.585,0,0
33.59,0,0
33.595,0,0
33.6,0,0
33.605,0,0
33.61,0,0
33.615,0,0
33.62,0,0
33.625,0,0
33.63,0,0
33.635,0,0
33.64,0,0
33.645,0,0
33.65,0,0
33.655,0,0
33.66,0,0
33.665,0,0
33.67,0,0
33.675,0,0
33.68,0,0
33.685,0,0
33.69,0,0
33.695,0,0
33.7,0,0
33.705,0,0
33.71,0,0
33.715,0,0
33.72,0,0
33.725,0,0
33.73,0,0
33.735,0,0
33.74,0,0
33.745,0,0
33.75,0,0
33.755,0,0
33.76,0,0
33.765,0,0
33.77,0,0
33.775,0,0
33.78,0,0
33.785,0,0
33.79,0,0
33.795,0,0
33.8,0,0
33.805,0,0
33.81,0,0
33.815,0,0
33.82,0,0
33.825,0,0
33.83,0,0
33.835,0,0
33.84,0,0
33.845,0,0
33.85,0,0
33.855,0,0
33.86,0,0
33.865,0,0
33.87,0,0
33.875,0,0
33.88,0,0
33.885,0,0
33.89,0,0
33.895,0,0
33.9,0,0
33.905,0,0
33.91,0,0
33.915,0,0
33.92,0,0
33.925,0,0
33.93,0,0
33.935,0,0
33.94,0,0
33.945,0,0
33.95,0,0
33.955,0,0
33.96,0,0
33.965,0,0
33.97,1,1
33.975,1,1
33.98,1,1
33.985,1,1
33.99,1,1
33.995,1,1
34,1,1
34.005,1,1
34.01,1,1
34.015,1,1
34.02,1,1
34.025,1,1
34.03,1,1
34.035,1,1
34.04,1,1
34.045,1,1
34.05,1,1
34.055,1,1
34.06,1,1
34.065,1,1
34.07,1,1
34.075,1,1
34.08,1,1
34.085,1,1
34.09,1,1
34.095,1,1
34.1,1,1
34.105,1,1
34.11,1,1
34.115,1,1
34.12,1,1
34.125,1,1
34.13,1,1
34.135,1,1
34.14,1,1
34.145,1,1
34.15,1,1
34.155,1,1
34.16,1,1
34.165,1,1
34.17,1,1
34.175,1,1
34.18,1,1
34.185,1,1
34.19,1,1
34.195,1,1
34.2,1,1
34.205,1,1
34.21,1,1
34.215,1,1
34.22,1,1
34.225,1,1
34.23,1,1
34.235,1,1
34.24,1,1
34.245,1,1
34.25,1,1
34.255,1,1
34.26,1,1
34.265,1,1
34.27,1,1
34.275,1,1
34.28,1,1
34.285,1,1
34.29,1,1
34.295,1,1
34.3,1,1
34.305,1,1
34.31,1,1
34.315,1,1
34.32,1,1
34.325,1,1
34.33,1,1
34.335,1,1
34.34,1,1
34.345,1,1
34.35,1,1
34.355,1,1
34.36,1,1
34.365,1,1
34.37,1,1
34.375,1,1
34.38,1,1
34.385,1,1
34.39,1,1
34.395,1,1
34.4,1,1
34.405,1,1
34.41,1,1
34.415,1,1
34.42,1,1
34.425,1,1
34.43,1,1
34.435,1,1
34.44,1,1
34.445,1,1
34.45,1,1
34.455,1,1
34.46,1,1
34.465,1,1
34.47,1,1
34.475,1,1
34.48,1,1
34.485,1,1
34.49,1,1
34.495,1,1
34.5,1,1
34.505,1,1
34.51,1,1
34.515,1,1
34.52,1,1
34.525,1,1
34.53,1,1
34.535,1,1
34.54,1,1
34.545,1,1
34.55,1,1
34.555,1,1
34.56,1,1
34.565,1,1
34.57,1,1
34.575,1,1
34.58,1,1
34.585,1,1
34.59,1,1
34.595,1,1
34.6,1,1
34.605,1,1
34.61,1,1
34.615,1,1
34.62,1,1
34.625,1,1
34.63,1,1
34.635,1,1
34.64,1,1
34.645,1,1
34.65,1,1
34.655,1,1
34.66,1,1
34.665,1,1
34.67,1,1
34.675,1,1
34.68,1,1
34.685,1,1
34.69,1,1
34.695,1,1
34.7,1,1
34.705,1,1
34.71,1,1
34.715,1,1
34.72,1,1
34.725,1,1
34.73,1,1
34.735,1,1
34.74,1,1
34.745,1,1
34.75,1,1
34.755,1,1
34.76,1,1
34.765,1,1
34.77,1,1
34.775,1,1
34.78,1,1
34.785,1,1
34.79,1,1
34.795,1,1
34.8,1,1
34.805,1,1
34.81,1,1
34.815,1,1
34.82,1,1
34.825,1,1
34.83,1,1
34.835,1,1
34.84,1,1
34.845,1,1
34.85,1,1
34.855,1,1
34.86,1,1
34.865,1,1
34.87,1,1
34.875,1,1
34.88,1,1
34.885,1,1
34.89,1,1
34.895,1,1
34.9,1,1
34.905,1,1
34.91,1,1
34.915,1,1
34.92,1,1
34.925,1,1
34.93,1,1
34.935,1,1
34.94,1,1
34.945,1,1
34.95,1,1
34.955,1,1
34.96,1,1
34.965,1,1
34.97,0,0
34.975,0,0
34.98,0,0
34.985,0,0
34.99,0,0
34.995,0,0
35,0,0
35.005,0,0
35.01,0,0
35.015,0,0
35.02,0,0
35.025,0,0
35.03,0,0
35.035,0,0
35.04,0,0
35.045,0,0
35.05,0,0
35.055,0,0
35.06,0,0
35.065,0,0
35.07,0,0
35.075,0,0
35.08,0,0
35.085,0,0
35.09,0,0
35.095,0,0
35.1,0,0
35.105,0,0
35.11,0,0
35.115,0,0
35.12,0,0
35.125,0,0
35.13,0,0
35.135,0,0
35.14,0,0
35.145,0,0
35.15,0,0
35.155,0,0
35.16,0,0
35.165,0,0
35.17,0,0
35.175,0,0
35.18,0,0
35.185,0,0
35.19,0,0
35.195,0,0
35.2,0,0
35.205,0,0
35.21,0,0
35.215,0,0
35.22,0,0
35.225,0,0
35.23,0,0
35.235,0,0
35.24,0,0
35.245,0,0
35.25,0,0
35.255,0,0
35.26,0,0
35.265,0,0
35.27,0,0
35.275,0,0
35.28,0,0
35.285,0,0
35.29,0,0
35.295,0,0
35.3,0,0
35.305,0,0
35.31,0,0
35.315,0,0
35.32,0,0
35.325,0,0
35.33,0,0
35.335,0,0
35.34,0,0
35.345,0,0
35.35,0,0
35.355,0,0
35.36,0,0
35.365,0,0
35.37,0,0
35.375,0,0
35.38,0,0
35.385,0,0
35.39,0,0
35.395,0,0
35.4,0,0
35.405,0,0
35.41,0,0
35.415,0,0
35.42,0,0
35.425,0,0
35.43,0,0
35.435,0,0
35.44,0,0
35.445,0,0
35.45,0,0
35.455,0,0
35.46,0,0
35.465,0,0
35.47,0,0
35.475,0,0
35.48,0,0
35.485,0,0
35.49,0,0
35.495,0,0
35.5,0,0
35.505,0,0
35.51,0,0
35.515,0,0
35.52,0,0
35.525,0,0
35.53,0,0
35.535,0,0
35.54,0,0
35.545,0,0
35.55,0,0
35.555,0,0
35.56,0,0
35.565,0,0
35.57,0,0
35.575,0,0
35.58,0,0
35.585,0,0
35.59,0,0
35.595,0,0
35.6,0,0
35.605,0,0
35.61,0,0
35.615,0,0
35.62,0,0
35.625,0,0
35.63,0,0
35.635,0,0
35.64,0,0
35.645,0,0
35.65,0,0
35.655,0,0
35.66,0,0
35.665,0,0
35.67,0,0
35.675,0,0
35.68,0,0
35.685,0,0
35.69,0,0
35.695,0,0
35.7,0,0
35.705,0,0
35.71,0,0
35.715,0,0
35.72,0,0
35.725,0,0
35.73,0,0
35.735,0,0
35.74,0,0
35.745,0,0
35.75,0,0
35.755,0,0
35.76,0,0
35.765,0,0
35.77,0,0
35.775,0,0
35.78,0,0
35.785,0,0
35.79,0,0
35.795,0,0
35.8,0,0
35.805,0,0
35.81,0,0
35.815,0,0
35.82,0,0
35.825,0,0
35.83,0,0
35.835,0,0
35.84,0,0
35.845,0,0
35.85,0,0
35.855,0,0
35.86,0,0
35.865,0,0
35.87,0,0
35.875,0,0
35.88,0,0
35.885,0,0
35.89,0,0
35.895,0,0
35.9,0,0
35.905,0,0
35.91,0,0
35.915,0,0
35.92,0,0
35.925,0,0
35.93,0,0
35.935,0,0
35.94,0,0
35.945,0,0
35.95,0,0
35.955,0,0
35.96,0,0
35.965,0,0
35.97,0,0
35.975,0,0
35.98,0,0
35.985,0,0
35.99,0,0
35.995,0,0
36,0,0
36.005,0,0
36.01,0,0
36.015,0,0
36.02,0,0
36.025,0,0
36.03,0,0
36.035,0,0
36.04,0,0
36.045,0,0
36.05,0,0
36.055,0,0
36.06,0,0
36.065,0,0
36.07,0,0
36.075,0,0
36.08,0,0
36.085,0,0
36.09,0,0
36.095,0,0
36.1,0,0
36.105,0,0
36.11,0,0
36.115,0,0
36.12,0,0
36.125,0,0
36.13,0,0
36.135,0,0
36.14,0,0
36.145,0,0
36.15,0,0
36.155,0,0
36.16,0,0
36.165,0,0
36.17,0,0
36.175,0,0
36.18,0,0
36.185,0,0
36.19,0,0
36.195,0,0
36.2,0,0
36.205,0,0
36.21,0,0
36.215,0,0
36.22,0,0
36.225,0,0
36.23,0,0
36.235,0,0
36.24,0,0
36.245,0,0
36.25,0,0
36.255,0,0
36.26,0,0
36.265,0,0
36.27,0,0
36.275,0,0
36.28,0,0
36.285,0,0
36.29,0,0
36.295,0,0
36.3,0,0
36.305,0,0
36.31,0,0
36.315,0,0
36.32,0,0
36.325,0,0
36.33,0,0
36.335,0,0
36.34,0,0
36.345,0,0
36.35,0,0
36.355,0,0
36.36,0,0
36.365,0,0
36.37,0,0
36.375,0,0
36.38,0,0
36.385,0,0
36.39,0,0
36.395,0,0
36.4,0,0
36.405,0,0
36.41,0,0
36.415,0,0
36.42,0,0
36.425,0,0
36.43,0,0
36.435,0,0
36.44,0,0
36.445,0,0
36.45,0,0
36.455,0,0
36.46,0,0
36.465,0,0
36.47,0,0
36.475,0,0
36.48,0,0
36.485,0,0
36.49,0,0
36.495,0,0
36.5,0,0
36.505,0,0
36.51,0,0
36.515,0,0
36.52,0,0
36.525,0,0
36.53,0,0
36.535,0,0
36.54,0,0
36.545,0,0
36.55,0,0
36.555,0,0
36.56,0,0
36.565,0,0
36.57,0,0
36.575,0,0
36.58,0,0
36.585,0,0
36.59,0,0
36.595,0,0
36.6,0,0
36.605,0,0
36.61,0,0
36.615,0,0
36.62,0,0
36.625,0,0
36.63,0,0
36.635,0,0
36.64,0,0
36.645,0,0
36.65,0,0
36.655,0,0
36.66,0,0
36.665,0,0
36.67,0,0
36.675,0,0
36.68,0,0
36.685,0,0
36.69,0,0
36.695,0,0
36.7,0,0
36.705,0,0
36.71,0,0
36.715,0,0
36.72,0,0
36.725,0,0
36.73,0,0
36.735,0,0
36.74,0,0
36.745,0,0
36.75,0,0
36.755,0,0
36.76,0,0
36.765,0,0
36.77,0,0
36.775,0,0
36.78,0,0
36.785,0,0
36.79,0,0
36.795,0,0
36.8,0,0
36.805,0,0
36.81,0,0
36.815,0,0
36.82,0,0
36.825,0,0
36.83,0,0
36.835,0,0
36.84,0,0
36.845,0,0
36.85,0,0
36.855,0,0
36.86,0,0
36.865,0,0
36.87,0,0
36.875,0,0
36.88,0,0
36.885,0,0
36.89,0,0
36.895,0,0
36.9,0,0
36.905,0,0
36.91,0,0
36.915,0,0
36.92,0,0
36.925,1,1
36.93,1,1
36.935,1,1
36.94,1,1
36.945,1,1
36.95,1,1
36.955,1,1
36.96,1,1
36.965,1,1
36.97,1,1
36.975,1,1
36.98,1,1
36.985,1,1
36.99,1,1
36.995,1,1
37,1,1
37.005,1,1
37.01,1,1
37.015,1,1
37.02,1,1
37.025,1,1
37.03,1,1
37.035,1,1
37.04,1,1
37.045,1,1
37.05,1,1
37.055,1,1
37.06,1,1
37.065,1,1
37.07,1,1
37.075,1,1
37.08,1,1
37.085,1,1
37.09,1,1
37.095,1,1
37.1,1,1
37.105,1,1
37.11,1,1
37.115,1,1
37.12,1,1
37.125,1,1
37.13,1,1
37.135,1,1
37.14,1,1
37.145,1,1
37.15,1,1
37.155,1,1
37.16,1,1
37.165,1,1
37.17,1,1
37.175,1,1
37.18,1,1
37.185,1,1
37.19,1,1
37.195,1,1
37.2,1,1
37.205,1,1
37.21,1,1
37.215,1,1
37.22,1,1
37.225,1,1
37.23,1,1
37.235,1,1
37.24,1,1
37.245,1,1
37.25,1,1
37.255,1,1
37.26,1,1
37.265,1,1
37.27,1,1
37.275,1,1
37.28,1,1
37.285,1,1
37.29,1,1
37.295,1,1
37.3,1,1
37.305,1,1
37.31,1,1
37.315,1,1
37.32,1,1
37.325,1,1
37.33,1,1
37.335,1,1
37.34,1,1
37.345,1,1
37.35,1,1
37.355,1,1
37.36,1,1
37.365,1,1
37.37,1,1
37.375,1,1
37.38,1,1
37.385,1,1
37.39,1,1
37.395,1,1
37.4,1,1
37.405,1,1
37.41,1,1
37.415,1,1
37.42,1,1
37.425,1,1
37.43,1,1
37.435,1,1
37.44,1,1
37.445,1,1
37.45,1,1
37.455,1,1
37.46,1,1
37.465,1,1
37.47,1,1
37.475,1,1
37.48,1,1
37.485,1,1
37.49,1,1
37.495,1,1
37.5,1,1
37.505,1,1
37.51,1,1
37.515,1,1
37.52,1,1
37.525,1,1
37.53,1,1
37.535,1,1
37.54,1,1
37.545,1,1
37.55,1,1
37.555,1,1
37.56,1,1
37.565,1,1
37.57,1,1
37.575,1,1
37.58,1,1
37.585,1,1
37.59,1,1
37.595,1,1
37.6,1,1
37.605,1,1
37.61,1,1
37.615,1,1
37.62,1,1
37.625,1,1
37.63,1,1
37.635,1,1
37.64,1,1
37.645,1,1
37.65,1,1
37.655,1,1
37.66,1,1
37.665,1,1
37.67,1,1
37.675,1,1
37.68,1,1
37.685,1,1
37.69,1,1
37.695,1,1
37.7,1,1
37.705,1,1
37.71,1,1
37.715,1,1
37.72,1,1
37.725,1,1
37.73,1,1
37.735,1,1
37.74,1,1
37.745,1,1
37.75,1,1
37.755,1,1
37.76,1,1
37.765,1,1
37.77,1,1
37.775,1,1
37.78,1,1
37.785,1,1
37.79,1,1
37.795,1,1
37.8,1,1
37.805,1,1
37.81,1,1
37.815,1,1
37.82,1,1
37.825,1,1
37.83,1,1
37.835,1,1
37.84,1,1
37.845,1,1
37.85,1,1
37.855,1,1
37.86,1,1
37.865,1,1
37.87,1,1
37.875,1,1
37.88,1,1
37.885,1,1
37.89,1,1
37.895,1,1
37.9,1,1
37.905,1,1
37.91,1,1
37.915,1,1
37.92,1,1
37.925,1,1
37.93,1,1
37.935,1,1
37.94,1,1
37.945,1,1
37.95,1,1
37.955,1,1
37.96,1,1
37.965,1,1
37.97,1,1
37.975,1,1
37.98,1,1
37.985,1,1
37.99,1,1
37.995,1,1
38,1,1
38.005,1,1
38.01,1,1
38.015,1,1
38.02,1,1
38.025,1,1
38.03,1,1
38.035,1,1
38.04,1,1
38.045,1,1
38.05,1,1
38.055,1,1
38.06,1,1
38.065,1,1
38.07,0,0
38.075,0,0
38.08,0,0
38.085,0,0
38.09,0,0
38.095,0,0
38.1,0,0
38.105,0,0
38.11,0,0
38.115,0,0
38.12,0,0
38.125,0,0
38.13,0,0
38.135,0,0
38.14,0,0
38.145,0,0
38.15,0,0
38.155,0,0
38.16,0,0
38.165,0,0
38.17,0,0
38.175,0,0
38.18,0,0
38.185,0,0
38.19,0,0
38.195,0,0
38.2,0,0
38.205,0,0
38.21,0,0
38.215,0,0
38.22,0,0
38.225,0,0
38.23,0,0
38.235,0,0
38.24,0,0
38.245,0,0
38.25,0,0
38.255,0,0
38.26,0,0
38.265,0,0
38.27,0,0
38.275,0,0
38.28,0,0
38.285,0,0
38.29,0,0
38.295,0,0
38.3,0,0
38.305,0,0
38.31,0,0
38.315,0,0
38.32,0,0
38.325,0,0
38.33,0,0
38.335,0,0
38.34,0,0
38.345,0,0
38.35,0,0
38.355,0,0
38.36,0,0
38.365,0,0
38.37,0,0
38.375,0,0
38.38,0,0
38.385,0,0
38.39,0,0
38.395,0,0
38.4,0,0
38.405,0,0
38.41,0,0
38.415,0,0
38.42,0,0
38.425,0,0
38.43,0,0
38.435,0,0
38.44,0,0
38.445,0,0
38.45,0,0
38.455,0,0
38.46,0,0
38.465,0,0
38.47,0,0
38.475,0,0
38.48,0,0
38.485,0,0
38.49,0,0
38.495,0,0
38.5,0,0
38.505,0,0
38.51,0,0
38.515,0,0
38.52,0,0
38.525,0,0
38.53,0,0
38.535,0,0
38.54,0,0
38.545,0,0
38.55,0,0
38.555,0,0
38.56,0,0
38.565,0,0
38.57,0,0
38.575,0,0
38.58,0,0
38.585,0,0
38.59,0,0
38.595,0,0
38.6,0,0
38.605,0,0
38.61,0,0
38.615,0,0
38.62,0,0
38.625,0,0
38.63,0,0
38.635,0,0
38.64,0,0
38.645,0,0
38.65,0,0
38.655,0,0
38.66,0,0
38.665,0,0
38.67,0,0
38.675,0,0
38.68,0,0
38.685,0,0
38.69,0,0
38.695,0,0
38.7,0,0
38.705,0,0
38.71,0,0
38.715,0,0
38.72,0,0
38.725,0,0
38.73,0,0
38.735,0,0
38.74,0,0
38.745,0,0
38.75,0,0
38.755,0,0
38.76,0,0
38.765,0,0
38.77,0,0
38.775,0,0
38.78,0,0
38.785,0,0
38.79,0,0
38.795,0,0
38.8,0,0
38.805,0,0
38.81,0,0
38.815,0,0
38.82,0,0
38.825,0,0
38.83,0,0
38.835,0,0
38.84,0,0
38.845,0,0
38.85,0,0
38.855,0,0
38.86,0,0
38.865,0,0
38.87,0,0
38.875,0,0
38.88,0,0
38.885,0,0
38.89,0,0
38.895,0,0
38.9,0,0
38.905,0,0
38.91,0,0
38.915,0,0
38.92,0,0
38.925,0,0
38.93,0,0
38.935,0,0
38.94,0,0
38.945,0,0
38.95,0,0
38.955,0,0
38.96,0,0
38.965,0,0
38.97,0,0
38.975,0,0
38.98,0,0
38.985,0,0
38.99,0,0
38.995,0,0
39,0,0
39.005,0,0
39.01,0,0
39.015,0,0
39.02,0,0
39.025,0,0
39.03,0,0
39.035,0,0
39.04,0,0
39.045,0,0
39.05,0,0
39.055,0,0
39.06,0,0
39.065,0,0
39.07,0,0
39.075,0,0
39.08,0,0
39.085,0,0
39.09,0,0
39.095,0,0
39.1,0,0
39.105,0,0
39.11,0,0
39.115,0,0
39.12,0,0
39.125,0,0
39.13,0,0
39.135,0,0
39.14,0,0
39.145,0,0
39.15,0,0
39.155,0,0
39.16,0,0
39.165,0,0
39.17,0,0
39.175,0,0
39.18,0,0
39.185,0,0
39.19,0,0
39.195,0,0
39.2,0,0
39.205,0,0
39.21,0,0
39.215,0,0
39.22,0,0
39.225,0,0
39.23,0,0
39.235,0,0
39.24,0,0
39.245,0,0
39.25,0,0
39.255,0,0
39.26,0,0
39.265,0,0
39.27,0,0
39.275,0,0
39.28,0,0
39.285,0,0
39.29,0,0
39.295,0,0
39.3,0,0
39.305,0,0
39.31,0,0
39.315,0,0
39.32,0,0
39.325,0,0
39.33,0,0
39.335,0,0
39.34,0,0
39.345,0,0
39.35,0,0
39.355,0,0
39.36,0,0
39.365,0,0
39.37,0,0
39.375,0,0
39.38,0,0
39.385,0,0
39.39,0,0
39.395,0,0
39.4,0,0
39.405,0,0
39.41,0,0
39.415,0,0
39.42,0,0
39.425,0,0
39.43,0,0
39.435,0,0
39.44,0,0
39.445,0,0
39.45,0,0
39.455,0,0
39.46,0,0
39.465,0,0
39.47,0,0
39.475,0,0
39.48,0,0
39.485,0,0
39.49,0,0
39.495,0,0
39.5,0,0
39.505,0,0
39.51,0,0
39.515,0,0
39.52,0,0
39.525,0,0
39.53,0,0
39.535,0,0
39.54,0,0
39.545,0,0
39.55,0,0
39.555,0,0
39.56,0,0
39.565,0,0
39.57,0,0
39.575,0,0
39.58,0,0
39.585,0,0
39.59,0,0
39.595,0,0
39.6,0,0
39.605,0,0
39.61,0,0
39.615,0,0
39.62,0,0
39.625,0,0
39.63,0,0
39.635,0,0
39.64,0,0
39.645,0,0
39.65,0,0
39.655,0,0
39.66,0,0
39.665,0,0
39.67,0,0
39.675,0,0
39.68,0,0
39.685,0,0
39.69,0,0
39.695,0,0
39.7,0,0
39.705,0,0
39.71,0,0
39.715,0,0
39.72,0,0
39.725,0,0
39.73,0,0
39.735,0,0
39.74,0,0
39.745,0,0
39.75,0,0
39.755,0,0
39.76,0,0
39.765,0,0
39.77,0,0
39.775,1,1
39.78,1,1
39.785,1,1
39.79,1,1
39.795,1,1
39.8,1,1
39.805,1,1
39.81,1,1
39.815,1,1
39.82,1,1
39.825,1,1
39.83,1,1
39.835,1,1
39.84,1,1
39.845,1,1
39.85,1,1
39.855,1,1
39.86,1,1
39.865,1,1
39.87,1,1
39.875,1,1
39.88,1,1
39.885,1,1
39.89,1,1
39.895,1,1
39.9,1,1
39.905,1,1
39.91,1,1
39.915,1,1
39.92,1,1
39.925,1,1
39.93,1,1
39.935,1,1
39.94,1,1
39.945,1,1
39.95,1,1
39.955,1,1
39.96,1,1
39.965,1,1
39.97,1,1
39.975,1,1
39.98,1,1
39.985,1,1
39.99,1,1
39.995,1,1
40,1,1
40.005,1,1
40.01,1,1
40.015,1,1
40.02,1,1
40.025,1,1
40.03,1,1
40.035,1,1
40.04,1,1
40.045,1,1
40.05,1,1
40.055,1,1
40.06,1,1
40.065,1,1
40.07,1,1
40.075,1,1
40.08,1,1
40.085,1,1
40.09,1,1
40.095,1,1
40.1,1,1
40.105,1,1
40.11,1,1
40.115,1,1
40.12,1,1
40.125,1,1
40.13,1,1
40.135,1,1
40.14,1,1
40.145,1,1
40.15,1,1
40.155,1,1
40.16,1,1
40.165,1,1
40.17,1,1
40.175,1,1
40.18,1,1
40.185,1,1
40.19,1,1
40.195,1,1
40.2,1,1
40.205,1,1
40.21,1,1
40.215,1,1
40.22,1,1
40.225,1,1
40.23,1,1
40.235,1,1
40.24,1,1
40.245,1,1
40.25,1,1
40.255,1,1
40.26,1,1
40.265,1,1
40.27,1,1
40.275,1,1
40.28,1,1
40.285,1,1
40.29,1,1
40.295,1,1
40.3,1,1
40.305,1,1
40.31,1,1
40.315,1,1
40.32,1,1
40.325,1,1
40.33,1,1
40.335,1,1
40.34,1,1
40.345,1,1
40.35,1,1
40.355,1,1
40.36,1,1
40.365,1,1
40.37,1,1
40.375,1,1
40.38,1,1
40.385,1,1
40.39,1,1
40.395,1,1
40.4,1,1
40.405,1,1
40.41,1,1
40.415,1,1
40.42,1,1
40.425,1,1
40.43,1,1
40.435,1,1
40.44,1,1
40.445,1,1
40.45,1,1
40.455,1,1
40.46,1,1
40.465,1,1
40.47,1,1
40.475,1,1
40.48,1,1
40.485,1,1
40.49,1,1
40.495,1,1
40.5,1,1
40.505,1,1
40.51,1,1
40.515,1,1
40.52,1,1
40.525,1,1
40.53,1,1
40.535,1,1
40.54,1,1
40.545,1,1
40.55,1,1
40.555,1,1
40.56,1,1
40.565,1,1
40.57,1,1
40.575,1,1
40.58,1,1
40.585,1,1
40.59,1,1
40.595,1,1
40.6,1,1
40.605,1,1
40.61,1,1
40.615,1,1
40.62,1,1
40.625,1,1
40.63,1,1
40.635,1,1
40.64,1,1
40.645,1,1
40.65,1,1
40.655,1,1
40.66,1,1
40.665,1,1
40.67,1,1
40.675,1,1
40.68,1,1
40.685,1,1
40.69,1,1
40.695,1,1
40.7,1,1
40.705,1,1
40.71,1,1
40.715,1,1
40.72,1,1
40.725,1,1
40.73,1,1
40.735,1,1
40.74,1,1
40.745,1,1
40.75,1,1
40.755,1,1
40.76,1,1
40.765,1,1
40.77,1,1
40.775,1,1
40.78,1,1
40.785,1,1
40.79,1,1
40.795,1,1
40.8,1,1
40.805,1,1
40.81,1,1
40.815,1,1
40.82,1,1
40.825,1,1
40.83,1,1
40.835,1,1
40.84,1,1
40.845,1,1
40.85,1,1
40.855,1,1
40.86,1,1
40.865,1,1
40.87,0,0
40.875,0,0
40.88,0,0
40.885,0,0
40.89,0,0
40.895,0,0
40.9,0,0
40.905,0,0
40.91,0,0
40.915,0,0
40.92,0,0
40.925,0,0
40.93,0,0
40.935,0,0
40.94,0,0
40.945,0,0
40.95,0,0
40.955,0,0
40.96,0,0
40.965,0,0
40.97,0,0
40.975,0,0
40.98,0,0
40.985,0,0
40.99,0,0
40.995,0,0
41,0,0
41.005,0,0
41.01,0,0
41.015,0,0
41.02,0,0
41.025,0,0
41.03,0,0
41.035,0,0
41.04,0,0
41.045,0,0
41.05,0,0
41.055,0,0
41.06,0,0
41.065,0,0
41.07,0,0
41.075,0,0
41.08,0,0
41.085,0,0
41.09,0,0
41.095,0,0
41.1,0,0
41.105,0,0
41.11,0,0
41.115,0,0
41.12,0,0
41.125,0,0
41.13,0,0
41.135,0,0
41.14,0,0
41.145,0,0
41.15,0,0
41.155,0,0
41.16,0,0
41.165,0,0
41.17,0,0
41.175,0,0
41.18,0,0
41.185,0,0
41.19,0,0
41.195,0,0
41.2,0,0
41.205,0,0
41.21,0,0
41.215,0,0
41.22,0,0
41.225,0,0
41.23,0,0
41.235,0,0
41.24,0,0
41.245,0,0
41.25,0,0
41.255,0,0
41.26,0,0
41.265,0,0
41.27,0,0
41.275,0,0
41.28,0,0
41.285,0,0
41.29,0,0
41.295,0,0
41.3,0,0
41.305,0,0
41.31,0,0
41.315,0,0
41.32,0,0
41.325,0,0
41.33,0,0
41.335,0,0
41.34,0,0
41.345,0,0
41.35,0,0
41.355,0,0
41.36,0,0
41.365,0,0
41.37,0,0
41.375,0,0
41.38,0,0
41.385,0,0
41.39,0,0
41.395,0,0
41.4,0,0
41.405,0,0
41.41,0,0
41.415,0,0
41.42,0,0
41.425,0,0
41.43,0,0
41.435,0,0
41.44,0,0
41.445,0,0
41.45,0,0
41.455,0,0
41.46,0,0
41.465,0,0
41.47,0,0
41.475,0,0
41.48,0,0
41.485,0,0
41.49,0,0
41.495,0,0
41.5,0,0
41.505,0,0
41.51,0,0
41.515,0,0
41.52,0,0
41.525,0,0
41.53,0,0
41.535,0,0
41.54,0,0
41.545,0,0
41.55,0,0
41.555,0,0
41.56,0,0
41.565,0,0
41.57,0,0
41.575,0,0
41.58,0,0
41.585,0,0
41.59,0,0
41.595,0,0
41.6,0,0
41.605,0,0
41.61,0,0
41.615,0,0
41.62,0,0
41.625,0,0
41.63,0,0
41.635,0,0
41.64,0,0
41.645,0,0
41.65,0,0
41.655,0,0
41.66,0,0
41.665,0,0
41.67,0,0
41.675,0,0
41.68,0,0
41.685,0,0
41.69,0,0
41.695,0,0
41.7,0,0
41.705,0,0
41.71,0,0
41.715,0,0
41.72,0,0
41.725,0,0
41.73,0,0
41.735,0,0
41.74,0,0
41.745,0,0
41.75,0,0
41.755,0,0
41.76,0,0
41.765,0,0
41.77,0,0
41.775,0,0
41.78,0,0
41.785,0,0
41.79,0,0
41.795,0,0
41.8,0,0
41.805,0,0
41.81,0,0
41.815,0,0
41.82,0,0
41.825,0,0
41.83,0,0
41.835,0,0
41.84,0,0
41.845,0,0
41.85,0,0
41.855,0,0
41.86,0,0
41.865,0,0
41.87,0,0
41.875,0,0
41.88,0,0
41.885,0,0
41.89,0,0
41.895,0,0
41.9,0,0
41.905,0,0
41.91,0,0
41.915,0,0
41.92,0,0
41.925,0,0
41.93,0,0
41.935,0,0
41.94,0,0
41.945,0,0
41.95,0,0
41.955,0,0
41.96,0,0
41.965,0,0
41.97,0,0
41.975,0,0
41.98,0,0
41.985,0,0
41.99,0,0
41.995,0,0
42,0,0
42.005,0,0
42.01,0,0
42.015,0,0
42.02,0,0
42.025,0,0
42.03,0,0
42.035,0,0
42.04,0,0
42.045,0,0
42.05,0,0
42.055,0,0
42.06,0,0
42.065,0,0
42.07,0,0
42.075,0,0
42.08,0,0
42.085,0,0
42.09,0,0
42.095,0,0
42.1,0,0
42.105,0,0
42.11,0,0
42.115,0,0
42.12,0,0
42.125,0,0
42.13,0,0
42.135,0,0
42.14,0,0
42.145,0,0
42.15,0,0
42.155,0,0
42.16,0,0
42.165,0,0
42.17,0,0
42.175,0,0
42.18,0,0
42.185,0,0
42.19,0,0
42.195,0,0
42.2,0,0
42.205,0,0
42.21,0,0
42.215,0,0
42.22,0,0
42.225,0,0
42.23,0,0
42.235,0,0
42.24,0,0
42.245,0,0
42.25,0,0
42.255,0,0
42.26,0,0
42.265,0,0
42.27,0,0
42.275,0,0
42.28,0,0
42.285,0,0
42.29,0,0
42.295,0,0
42.3,0,0
42.305,0,0
42.31,0,0
42.315,0,0
42.32,0,0
42.325,0,0
42.33,0,0
42.335,0,0
42.34,0,0
42.345,0,0
42.35,0,0
42.355,0,0
42.36,0,0
42.365,0,0
42.37,0,0
42.375,0,0
42.38,0,0
42.385,0,0
42.39,0,0
42.395,0,0
42.4,0,0
42.405,0,0
42.41,0,0
42.415,0,0
42.42,0,0
42.425,0,0
42.43,0,0
42.435,0,0
42.44,0,0
42.445,0,0
42.45,0,0
42.455,0,0
42.46,0,0
42.465,0,0
42.47,0,0
42.475,0,0
42.48,0,0
42.485,0,0
42.49,0,0
42.495,0,0
42.5,0,0
42.505,0,0
42.51,0,0
42.515,0,0
42.52,0,0
42.525,0,0
42.53,0,0
42.535,0,0
42.54,0,0
42.545,0,0
42.55,0,0
42.555,0,0
42.56,0,0
42.565,0,0
42.57,0,0
42.575,0,0
42.58,0,0
42.585,0,0
42.59,0,0
42.595,0,0
42.6,0,0
42.605,0,0
42.61,0,0
42.615,0,0
42.62,0,0
42.625,0,0
42.63,0,0
42.635,0,0
42.64,0,0
42.645,0,0
42.65,0,0
42.655,0,0
42.66,0,0
42.665,0,0
42.67,0,0
42.675,0,0
42.68,0,0
42.685,0,0
42.69,0,0
42.695,0,0
42.7,0,0
42.705,0,0
42.71,0,0
42.715,0,0
42.72,0,0
42.725,0,0
42.73,0,0
42.735,0,0
42.74,0,0
42.745,0,0
42.75,0,0
42.755,0,0
42.76,1,1
42.765,1,1
42.77,1,1
42.775,1,1
42.78,1,1
42.785,1,1
42.79,1,1
42.795,1,1
42.8,1,1
42.805,1,1
42.81,1,1
42.815,1,1
42.82,1,1
42.825,1,1
42.83,1,1
42.835,1,1
42.84,1,1
42.845,1,1
42.85,1,1
42.855,1,1
42.86,1,1
42.865,1,1
42.87,1,1
42.875,1,1
42.88,1,1
42.885,1,1
42.89,1,1
42.895,1,1
42.9,1,1
42.905,1,1
42.91,1,1
42.915,1,1
42.92,1,1
42.925,1,1
42.93,1,1
42.935,1,1
42.94,1,1
42.945,1,1
42.95,1,1
42.955,1,1
42.96,1,1
42.965,1,1
42.97,1,1
42.975,1,1
42.98,1,1
42.985,1,1
42.99,1,1
42.995,1,1
43,1,1
43.005,1,1
43.01,1,1
43.015,1,1
43.02,1,1
43.025,1,1
43.03,1,1
43.035,1,1
43.04,1,1
43.045,1,1
43.05,1,1
43.055,1,1
43.06,1,1
43.065,1,1
43.07,1,1
43.075,1,1
43.08,1,1
43.085,1,1
43.09,1,1
43.095,1,1
43.1,1,1
43.105,1,1
43.11,1,1
43.115,1,1
43.12,1,1
43.125,1,1
43.13,1,1
43.135,1,1
43.14,1,1
43.145,1,1
43.15,1,1
43.155,1,1
43.16,1,1
43.165,1,1
43.17,1,1
43.175,1,1
43.18,1,1
43.185,1,1
43.19,1,1
43.195,1,1
43.2,1,1
43.205,1,1
43.21,1,1
43.215,1,1
43.22,1,1
43.225,1,1
43.23,1,1
43.235,1,1
43.24,1,1
43.245,1,1
43.25,1,1
43.255,1,1
43.26,1,1
43.265,1,1
43.27,1,1
43.275,1,1
43.28,1,1
43.285,1,1
43.29,1,1
43.295,1,1
43.3,1,1
43.305,1,1
43.31,1,1
43.315,1,1
43.32,1,1
43.325,1,1
43.33,1,1
43.335,1,1
43.34,1,1
43.345,1,1
43.35,1,1
43.355,1,1
43.36,1,1
43.365,1,1
43.37,1,1
43.375,1,1
43.38,1,1
43.385,1,1
43.39,1,1
43.395,1,1
43.4,1,1
43.405,1,1
43.41,1,1
43.415,1,1
43.42,1,1
43.425,1,1
43.43,1,1
43.435,1,1
43.44,1,1
43.445,1,1
43.45,1,1
43.455,1,1
43.46,1,1
43.465,1,1
43.47,1,1
43.475,1,1
43.48,1,1
43.485,1,1
43.49,1,1
43.495,1,1
43.5,1,1
43.505,1,1
43.51,1,1
43.515,1,1
43.52,1,1
43.525,1,1
43.53,1,1
43.535,1,1
43.54,1,1
43.545,1,1
43.55,1,1
43.555,1,1
43.56,1,1
43.565,1,1
43.57,1,1
43.575,1,1
43.58,1,1
43.585,1,1
43.59,1,1
43.595,1,1
43.6,1,1
43.605,1,1
43.61,1,1
43.615,1,1
43.62,1,1
43.625,1,1
43.63,1,1
43.635,1,1
43.64,1,1
43.645,1,1
43.65,1,1
43.655,1,1
43.66,1,1
43.665,1,1
43.67,1,1
43.675,1,1
43.68,1,1
43.685,1,1
43.69,1,1
43.695,1,1
43.7,1,1
43.705,1,1
43.71,1,1
43.715,1,1
43.72,1,1
43.725,1,1
43.73,1,1
43.735,1,1
43.74,1,1
43.745,1,1
43.75,1,1
43.755,1,1
43.76,1,1
43.765,1,1
43.77,1,1
43.775,1,1
43.78,1,1
43.785,1,1
43.79,1,1
43.795,1,1
43.8,1,1
43.805,1,1
43.81,1,1
43.815,1,1
43.82,1,1
43.825,1,1
43.83,1,1
43.835,1,1
43.84,1,1
43.845,1,1
43.85,1,1
43.855,1,1
43.86,1,1
43.865,1,1
43.87,1,1
43.875,1,1
43.88,1,1
43.885,1,1
43.89,1,1
43.895,1,1
43.9,1,1
43.905,1,1
43.91,1,1
43.915,1,1
43.92,1,1
43.925,1,1
43.93,1,1
43.935,1,1
43.94,1,1
43.945,1,1
43.95,1,1
43.955,1,1
43.96,0,0
43.965,0,0
43.97,0,0
43.975,0,0
43.98,0,0
43.985,0,0
43.99,0,0
43.995,0,0
44,0,0
44.005,0,0
44.01,0,0
44.015,0,0
44.02,0,0
44.025,0,0
44.03,0,0
44.035,0,0
44.04,0,0
44.045,0,0
44.05,0,0
44.055,0,0
44.06,0,0
44.065,0,0
44.07,0,0
44.075,0,0
44.08,0,0
44.085,0,0
44.09,0,0
44.095,0,0
44.1,0,0
44.105,0,0
44.11,0,0
44.115,0,0
44.12,0,0
44.125,0,0
44.13,0,0
44.135,0,0
44.14,0,0
44.145,0,0
44.15,0,0
44.155,0,0
44.16,0,0
44.165,0,0
44.17,0,0
44.175,0,0
44.18,0,0
44.185,0,0
44.19,0,0
44.195,0,0
44.2,0,0
44.205,0,0
44.21,0,0
44.215,0,0
44.22,0,0
44.225,0,0
44.23,0,0
44.235,0,0
44.24,0,0
44.245,0,0
44.25,0,0
44.255,0,0
44.26,0,0
44.265,0,0
44.27,0,0
44.275,0,0
44.28,0,0
44.285,0,0
44.29,0,0
44.295,0,0
44.3,0,0
44.305,0,0
44.31,0,0
44.315,0,0
44.32,0,0
44.325,0,0
44.33,0,0
44.335,0,0
44.34,0,0
44.345,0,0
44.35,0,0
44.355,0,0
44.36,0,0
44.365,0,0
44.37,0,0
44.375,0,0
44.38,0,0
44.385,0,0
44.39,0,0
44.395,0,0
44.4,0,0
44.405,0,0
44.41,0,0
44.415,0,0
44.42,0,0
44.425,0,0
44.43,0,0
44.435,0,0
44.44,0,0
44.445,0,0
44.45,0,0
44.455,0,0
44.46,0,0
44.465,0,0
44.47,0,0
44.475,0,0
44.48,0,0
44.485,0,0
44.49,0,0
44.495,0,0
44.5,0,0
44.505,0,0
44.51,0,0
44.515,0,0
44.52,0,0
44.525,0,0
44.53,0,0
44.535,0,0
44.54,0,0
44.545,0,0
44.55,0,0
44.555,0,0
44.56,0,0
44.565,0,0
44.57,0,0
44.575,0,0
44.58,0,0
44.585,0,0
44.59,0,0
44.595,0,0
44.6,0,0
44.605,0,0
44.61,0,0
44.615,0,0
44.62,0,0
44.625,0,0
44.63,0,0
44.635,0,0
44.64,0,0
44.645,0,0
44.65,0,0
44.655,0,0
44.66,0,0
44.665,0,0
44.67,0,0
44.675,0,0
44.68,0,0
44.685,0,0
44.69,0,0
44.695,0,0
44.7,0,0
44.705,0,0
44.71,0,0
44.715,0,0
44.72,0,0
44.725,0,0
44.73,0,0
44.735,0,0
44.74,0,0
44.745,0,0
44.75,0,0
44.755,0,0
44.76,0,0
44.765,0,0
44.77,0,0
44.775,0,0
44.78,0,0
44.785,0,0
44.79,0,0
44.795,0,0
44.8,0,0
44.805,0,0
44.81,0,0
44.815,0,0
44.82,0,0
44.825,0,0
44.83,0,0
44.835,0,0
44.84,0,0
44.845,0,0
44.85,0,0
44.855,0,0
44.86,0,0
44.865,0,0
44.87,0,0
44.875,0,0
44.88,0,0
44.885,0,0
44.89,0,0
44.895,0,0
44.9,0,0
44.905,0,0
44.91,0,0
44.915,0,0
44.92,0,0
44.925,0,0
44.93,0,0
44.935,0,0
44.94,0,0
44.945,0,0
44.95,0,0
44.955,0,0
44.96,0,0
44.965,0,0
44.97,0,0
44.975,0,0
44.98,0,0
44.985,0,0
44.99,0,0
44.995,0,0
45,0,0
45.005,0,0
45.01,0,0
45.015,0,0
45.02,0,0
45.025,0,0
45.03,0,0
45.035,0,0
45.04,0,0
45.045,0,0
45.05,0,0
45.055,0,0
45.06,0,0
45.065,0,0
45.07,0,0
45.075,0,0
45.08,0,0
45.085,0,0
45.09,0,0
45.095,0,0
45.1,0,0
45.105,0,0
45.11,0,0
45.115,0,0
45.12,0,0
45.125,0,0
45.13,0,0
45.135,0,0
45.14,0,0
45.145,0,0
45.15,0,0
45.155,0,0
45.16,0,0
45.165,0,0
45.17,0,0
45.175,0,0
45.18,0,0
45.185,0,0
45.19,0,0
45.195,0,0
45.2,0,0
45.205,0,0
45.21,0,0
45.215,0,0
45.22,0,0
45.225,0,0
45.23,0,0
45.235,0,0
45.24,0,0
45.245,0,0
45.25,0,0
45.255,0,0
45.26,0,0
45.265,0,0
45.27,0,0
45.275,0,0
45.28,0,0
45.285,0,0
45.29,0,0
45.295,0,0
45.3,0,0
45.305,0,0
45.31,0,0
45.315,0,0
45.32,0,0
45.325,0,0
45.33,0,0
45.335,0,0
45.34,0,0
45.345,0,0
45.35,0,0
45.355,0,0
45.36,0,0
45.365,0,0
45.37,0,0
45.375,0,0
45.38,0,0
45.385,0,0
45.39,0,0
45.395,0,0
45.4,0,0
45.405,0,0
45.41,0,0
45.415,0,0
45.42,0,0
45.425,0,0
45.43,0,0
45.435,0,0
45.44,0,0
45.445,0,0
45.45,0,0
45.455,0,0
45.46,0,0
45.465,0,0
45.47,0,0
45.475,0,0
45.48,0,0
45.485,0,0
45.49,0,0
45.495,0,0
45.5,0,0
45.505,0,0
45.51,0,0
45.515,0,0
45.52,0,0
45.525,0,0
45.53,0,0
45.535,0,0
45.54,0,0
45.545,0,0
45.55,0,0
45.555,0,0
45.56,0,0
45.565,0,0
45.57,0,0
45.575,0,0
45.58,0,0
45.585,0,0
45.59,0,0
45.595,0,0
45.6,0,0
45.605,0,0
45.61,0,0
45.615,0,0
45.62,0,0
45.625,0,0
45.63,0,0
45.635,0,0
45.64,0,0
45.645,0,0
45.65,0,0
45.655,0,0
45.66,0,0
45.665,0,0
45.67,0,0
45.675,0,0
45.68,0,0
45.685,0,0
45.69,0,0
45.695,0,0
45.7,0,0
45.705,0,0
45.71,0,0
45.715,0,0
45.72,0,0
45.725,0,0
45.73,0,0
45.735,0,0
45.74,0,0
45.745,0,0
45.75,0,0
45.755,0,0
45.76,0,0
45.765,0,0
45.77,0,0
45.775,0,0
45.78,0,0
45.785,0,0
45.79,0,0
45.795,0,0
45.8,0,0
45.805,0,0
45.81,0,0
45.815,0,0
45.82,0,0
45.825,0,0
45.83,0,0
45.835,0,0
45.84,0,0
45.845,0,0
45.85,1,1
45.855,1,1
45.86,1,1
45.865,1,1
45.87,1,1
45.875,1,1
45.88,1,1
45.885,1,1
45.89,1,1
45.895,1,1
45.9,1,1
45.905,1,1
45.91,1,1
45.915,1,1
45.92,1,1
45.925,1,1
45.93,1,1
45.935,1,1
45.94,1,1
45.945,1,1
45.95,1,1
45.955,1,1
45.96,1,1
45.965,1,1
45.97,1,1
45.975,1,1
45.98,1,1
45.985,1,1
45.99,1,1
45.995,1,1
46,1,1
46.005,1,1
46.01,1,1
46.015,1,1
46.02,1,1
46.025,1,1
46.03,1,1
46.035,1,1
46.04,1,1
46.045,1,1
46.05,1,1
46.055,1,1
46.06,1,1
46.065,1,1
46.07,1,1
46.075,1,1
46.08,1,1
46.085,1,1
46.09,1,1
46.095,1,1
46.1,1,1
46.105,1,1
46.11,1,1
46.115,1,1
46.12,1,1
46.125,1,1
46.13,1,1
46.135,1,1
46.14,1,1
46.145,1,1
46.15,1,1
46.155,1,1
46.16,1,1
46.165,1,1
46.17,1,1
46.175,1,1
46.18,1,1
46.185,1,1
46.19,1,1
46.195,1,1
46.2,1,1
46.205,1,1
46.21,1,1
46.215,1,1
46.22,1,1
46.225,1,1
46.23,1,1
46.235,1,1
46.24,1,1
46.245,1,1
46.25,1,1
46.255,1,1
46.26,1,1
46.265,1,1
46.27,1,1
46.275,1,1
46.28,1,1
46.285,1,1
46.29,1,1
46.295,1,1
46.3,1,1
46.305,1,1
46.31,1,1
46.315,1,1
46.32,1,1
46.325,1,1
46.33,1,1
46.335,1,1
46.34,1,1
46.345,1,1
46.35,1,1
46.355,1,1
46.36,1,1
46.365,1,1
46.37,1,1
46.375,1,1
46.38,1,1
46.385,1,1
46.39,1,1
46.395,1,1
46.4,1,1
46.405,1,1
46.41,1,1
46.415,1,1
46.42,1,1
46.425,1,1
46.43,1,1
46.435,1,1
46.44,1,1
46.445,1,1
46.45,1,1
46.455,1,1
46.46,1,1
46.465,1,1
46.47,1,1
46.475,1,1
46.48,1,1
46.485,1,1
46.49,1,1
46.495,1,1
46.5,1,1
46.505,1,1
46.51,1,1
46.515,1,1
46.52,1,1
46.525,1,1
46.53,1,1
46.535,1,1
46.54,1,1
46.545,1,1
46.55,1,1
46.555,1,1
46.56,1,1
46.565,1,1
46.57,1,1
46.575,1,1
46.58,1,1
46.585,1,1
46.59,1,1
46.595,1,1
46.6,1,1
46.605,1,1
46.61,1,1
46.615,1,1
46.62,1,1
46.625,1,1
46.63,1,1
46.635,1,1
46.64,1,1
46.645,1,1
46.65,1,1
46.655,1,1
46.66,1,1
46.665,1,1
46.67,1,1
46.675,1,1
46.68,1,1
46.685,1,1
46.69,1,1
46.695,1,1
46.7,1,1
46.705,1,1
46.71,1,1
46.715,1,1
46.72,1,1
46.725,1,1
46.73,1,1
46.735,1,1
46.74,1,1
46.745,1,1
46.75,1,1
46.755,1,1
46.76,1,1
46.765,1,1
46.77,1,1
46.775,1,1
46.78,1,1
46.785,1,1
46.79,1,1
46.795,1,1
46.8,1,1
46.805,1,1
46.81,1,1
46.815,1,1
46.82,1,1
46.825,1,1
46.83,1,1
46.835,1,1
46.84,1,1
46.845,1,1
46.85,1,1
46.855,1,1
46.86,1,1
46.865,1,1
46.87,1,1
46.875,1,1
46.88,1,1
46.885,1,1
46.89,1,1
46.895,1,1
46.9,1,1
46.905,1,1
46.91,1,1
46.915,1,1
46.92,1,1
46.925,1,1
46.93,1,1
46.935,1,1
46.94,1,1
46.945,1,1
46.95,1,1
46.955,1,1
46.96,1,1
46.965,1,1
46.97,1,1
46.975,1,1
46.98,1,1
46.985,1,1
46.99,1,1
46.995,1,1
47,1,1
47.005,1,1
47.01,1,1
47.015,1,1
47.02,1,1
47.025,1,1
47.03,1,1
47.035,1,1
47.04,1,1
47.045,1,1
47.05,1,1
47.055,1,1
47.06,1,1
47.065,1,1
47.07,1,1
47.075,1,1
47.08,1,1
47.085,1,1
47.09,1,1
47.095,1,1
47.1,1,1
47.105,1,1
47.11,0,0
47.115,0,0
47.12,0,0
47.125,0,0
47.13,0,0
47.135,0,0
47.14,0,0
47.145,0,0
47.15,0,0
47.155,0,0
47.16,0,0
47.165,0,0
47.17,0,0
47.175,0,0
47.18,0,0
47.185,0,0
47.19,0,0
47.195,0,0
47.2,0,0
47.205,0,0
47.21,0,0
47.215,0,0
47.22,0,0
47.225,0,0
47.23,0,0
47.235,0,0
47.24,0,0
47.245,0,0
47.25,0,0
47.255,0,0
47.26,0,0
47.265,0,0
47.27,0,0
47.275,0,0
47.28,0,0
47.285,0,0
47.29,0,0
47.295,0,0
47.3,0,0
47.305,0,0
47.31,0,0
47.315,0,0
47.32,0,0
47.325,0,0
47.33,0,0
47.335,0,0
47.34,0,0
47.345,0,0
47.35,0,0
47.355,0,0
47.36,0,0
47.365,0,0
47.37,0,0
47.375,0,0
47.38,0,0
47.385,0,0
47.39,0,0
47.395,0,0
47.4,0,0
47.405,0,0
47.41,0,0
47.415,0,0
47.42,0,0
47.425,0,0
47.43,0,0
47.435,0,0
47.44,0,0
47.445,0,0
47.45,0,0
47.455,0,0
47.46,0,0
47.465,0,0
47.47,0,0
47.475,0,0
47.48,0,0
47.485,0,0
47.49,0,0
47.495,0,0
47.5,0,0
47.505,0,0
47.51,0,0
47.515,0,0
47.52,0,0
47.525,0,0
47.53,0,0
47.535,0,0
47.54,0,0
47.545,0,0
47.55,0,0
47.555,0,0
47.56,0,0
47.565,0,0
47.57,0,0
47.575,0,0
47.58,0,0
47.585,0,0
47.59,0,0
47.595,0,0
47.6,0,0
47.605,0,0
47.61,0,0
47.615,0,0
47.62,0,0
47.625,0,0
47.63,0,0
47.635,0,0
47.64,0,0
47.645,0,0
47.65,0,0
47.655,0,0
47.66,0,0
47.665,0,0
47.67,0,0
47.675,0,0
47.68,0,0
47.685,0,0
47.69,0,0
47.695,0,0
47.7,0,0
47.705,0,0
47.71,0,0
47.715,0,0
47.72,0,0
47.725,0,0
47.73,0,0
47.735,0,0
47.74,0,0
47.745,0,0
47.75,0,0
47.755,0,0
47.76,0,0
47.765,0,0
47.77,0,0
47.775,0,0
47.78,0,0
47.785,0,0
47.79,0,0
47.795,0,0
47.8,0,0
47.805,0,0
47.81,0,0
47.815,0,0
47.82,0,0
47.825,0,0
47.83,0,0
47.835,0,0
47.84,0,0
47.845,0,0
47.85,0,0
47.855,0,0
47.86,0,0
47.865,0,0
47.87,0,0
47.875,0,0
47.88,0,0
47.885,0,0
47.89,0,0
47.895,0,0
47.9,0,0
47.905,0,0
47.91,0,0
47.915,0,0
47.92,0,0
47.925,0,0
47.93,0,0
47.935,0,0
47.94,0,0
47.945,0,0
47.95,0,0
47.955,0,0
47.96,0,0
47.965,0,0
47.97,0,0
47.975,0,0
47.98,0,0
47.985,0,0
47.99,0,0
47.995,0,0
48,0,0
48.005,0,0
48.01,0,0
48.015,0,0
48.02,0,0
48.025,0,0
48.03,0,0
48.035,0,0
48.04,0,0
48.045,0,0
48.05,0,0
48.055,0,0
48.06,0,0
48.065,0,0
48.07,0,0
48.075,0,0
48.08,0,0
48.085,0,0
48.09,0,0
48.095,0,0
48.1,0,0
48.105,0,0
48.11,0,0
48.115,0,0
48.12,0,0
48.125,0,0
48.13,0,0
48.135,0,0
48.14,0,0
48.145,0,0
48.15,0,0
48.155,0,0
48.16,0,0
48.165,0,0
48.17,0,0
48.175,0,0
48.18,0,0
48.185,0,0
48.19,0,0
48.195,0,0
48.2,0,0
48.205,0,0
48.21,0,0
48.215,0,0
48.22,0,0
48.225,0,0
48.23,0,0
48.235,0,0
48.24,0,0
48.245,0,0
48.25,0,0
48.255,0,0
48.26,0,0
48.265,0,0
48.27,0,0
48.275,0,0
48.28,0,0
48.285,0,0
48.29,0,0
48.295,0,0
48.3,0,0
48.305,0,0
48.31,0,0
48.315,0,0
48.32,0,0
48.325,0,0
48.33,0,0
48.335,0,0
48.34,0,0
48.345,0,0
48.35,0,0
48.355,0,0
48.36,0,0
48.365,0,0
48.37,0,0
48.375,0,0
48.38,0,0
48.385,0,0
48.39,0,0
48.395,0,0
48.4,0,0
48.405,0,0
48.41,0,0
48.415,0,0
48.42,0,0
48.425,0,0
48.43,0,0
48.435,0,0
48.44,0,0
48.445,0,0
48.45,0,0
48.455,0,0
48.46,0,0
48.465,0,0
48.47,0,0
48.475,0,0
48.48,0,0
48.485,0,0
48.49,0,0
48.495,0,0
48.5,0,0
48.505,0,0
48.51,0,0
48.515,0,0
48.52,0,0
48.525,0,0
48.53,0,0
48.535,0,0
48.54,0,0
48.545,0,0
48.55,0,0
48.555,0,0
48.56,0,0
48.565,0,0
48.57,0,0
48.575,0,0
48.58,0,0
48.585,0,0
48.59,0,0
48.595,0,0
48.6,0,0
48.605,0,0
48.61,0,0
48.615,0,0
48.62,0,0
48.625,0,0
48.63,0,0
48.635,0,0
48.64,0,0
48.645,0,0
48.65,0,0
48.655,0,0
48.66,0,0
48.665,0,0
48.67,0,0
48.675,0,0
48.68,0,0
48.685,0,0
48.69,0,0
48.695,0,0
48.7,0,0
48.705,0,0
48.71,0,0
48.715,0,0
48.72,0,0
48.725,0,0
48.73,0,0
48.735,0,0
48.74,0,0
48.745,0,0
48.75,0,0
48.755,0,0
48.76,0,0
48.765,0,0
48.77,0,0
48.775,0,0
48.78,0,0
48.785,0,0
48.79,0,0
48.795,0,0
48.8,0,0
48.805,0,0
48.81,0,0
48.815,0,0
48.82,0,0
48.825,0,0
48.83,0,0
48.835,0,0
48.84,0,0
48.845,0,0
48.85,0,0
48.855,0,0
48.86,0,0
48.865,0,0
48.87,0,0
48.875,0,0
48.88,0,0
48.885,0,0
48.89,0,0
48.895,0,0
48.9,0,0
48.905,0,0
48.91,0,0
48.915,0,0
48.92,0,0
48.925,0,0
48.93,0,0
48.935,0,0
48.94,0,0
48.945,0,0
48.95,0,0
48.955,0,0
48.96,0,0
48.965,0,0
48.97,0,0
48.975,0,0
48.98,0,0
48.985,0,0
48.99,0,0
48.995,1,1
49,1,1
49.005,1,1
49.01,1,1
49.015,1,1
49.02,1,1
49.025,1,1
49.03,1,1
49.035,1,1
49.04,1,1
49.045,1,1
49.05,1,1
49.055,1,1
49.06,1,1
49.065,1,1
49.07,1,1
49.075,1,1
49.08,1,1
49.085,1,1
49.09,1,1
49.095,1,1
49.1,1,1
49.105,1,1
49.11,1,1
49.115,1,1
49.12,1,1
49.125,1,1
49.13,1,1
49.135,1,1
49.14,1,1
49.145,1,1
49.15,1,1
49.155,1,1
49.16,1,1
49.165,1,1
49.17,1,1
49.175,1,1
49.18,1,1
49.185,1,1
49.19,1,1
49.195,1,1
49.2,1,1
49.205,1,1
49.21,1,1
49.215,1,1
49.22,1,1
49.225,1,1
49.23,1,1
49.235,1,1
49.24,1,1
49.245,1,1
49.25,1,1
49.255,1,1
49.26,1,1
49.265,1,1
49.27,1,1
49.275,1,1
49.28,1,1
49.285,1,1
49.29,1,1
49.295,1,1
49.3,1,1
49.305,1,1
49.31,1,1
49.315,1,1
49.32,1,1
49.325,1,1
49.33,1,1
49.335,1,1
49.34,1,1
49.345,1,1
49.35,1,1
49.355,1,1
49.36,1,1
49.365,1,1
49.37,1,1
49.375,1,1
49.38,1,1
49.385,1,1
49.39,1,1
49.395,1,1
49.4,1,1
49.405,1,1
49.41,1,1
49.415,1,1
49.42,1,1
49.425,1,1
49.43,1,1
49.435,1,1
49.44,1,1
49.445,1,1
49.45,1,1
49.455,1,1
49.46,1,1
49.465,1,1
49.47,1,1
49.475,1,1
49.48,1,1
49.485,1,1
49.49,1,1
49.495,1,1
49.5,1,1
49.505,1,1
49.51,1,1
49.515,1,1
49.52,1,1
49.525,1,1
49.53,1,1
49.535,1,1
49.54,1,1
49.545,1,1
49.55,1,1
49.555,1,1
49.56,1,1
49.565,1,1
49.57,1,1
49.575,1,1
49.58,1,1
49.585,1,1
49.59,1,1
49.595,1,1
49.6,1,1
49.605,1,1
49.61,1,1
49.615,1,1
49.62,1,1
49.625,1,1
49.63,1,1
49.635,1,1
49.64,1,1
49.645,1,1
49.65,1,1
49.655,1,1
49.66,1,1
49.665,1,1
49.67,1,1
49.675,1,1
49.68,1,1
49.685,1,1
49.69,1,1
49.695,1,1
49.7,1,1
49.705,1,1
49.71,1,1
49.715,1,1
49.72,1,1
49.725,1,1
49.73,1,1
49.735,1,1
49.74,1,1
49.745,1,1
49.75,1,1
49.755,1,1
49.76,1,1
49.765,1,1
49.77,1,1
49.775,1,1
49.78,1,1
49.785,1,1
49.79,1,1
49.795,1,1
49.8,1,1
49.805,1,1
49.81,1,1
49.815,1,1
49.82,1,1
49.825,1,1
49.83,1,1
49.835,1,1
49.84,1,1
49.845,1,1
49.85,1,1
49.855,1,1
49.86,1,1
49.865,1,1
49.87,1,1
49.875,1,1
49.88,1,1
49.885,1,1
49.89,1,1
49.895,1,1
49.9,1,1
49.905,1,1
49.91,1,1
49.915,1,1
49.92,1,1
49.925,1,1
49.93,1,1
49.935,1,1
49.94,1,1
49.945,1,1
49.95,1,1
49.955,1,1
49.96,1,1
49.965,1,1
49.97,1,1
49.975,1,1
49.98,1,1
49.985,1,1
49.99,1,1
49.995,1,1
50,1,1
50.005,1,1
50.01,1,1
50.015,1,1
50.02,1,1
50.025,1,1
50.03,1,1
50.035,1,1
50.04,1,1
50.045,1,1
50.05,1,1
50.055,1,1
50.06,1,1
50.065,1,1
50.07,1,1
50.075,1,1
50.08,1,1
50.085,1,1
50.09,1,1
50.095,1,1
50.1,1,1
50.105,1,1
50.11,1,1
50.115,1,1
50.12,1,1
50.125,1,1
50.13,1,1
50.135,0,0
50.14,0,0
50.145,0,0
50.15,0,0
50.155,0,0
50.16,0,0
50.165,0,0
50.17,0,0
50.175,0,0
50.18,0,0
50.185,0,0
50.19,0,0
50.195,0,0
50.2,0,0
50.205,0,0
50.21,0,0
50.215,0,0
50.22,0,0
50.225,0,0
50.23,0,0
50.235,0,0
50.24,0,0
50.245,0,0
50.25,0,0
50.255,0,0
50.26,0,0
50.265,0,0
50.27,0,0
50.275,0,0
50.28,0,0
50.285,0,0
50.29,0,0
50.295,0,0
50.3,0,0
50.305,0,0
50.31,0,0
50.315,0,0
50.32,0,0
50.325,0,0
50.33,0,0
50.335,0,0
50.34,0,0
50.345,0,0
50.35,0,0
50.355,0,0
50.36,0,0
50.365,0,0
50.37,0,0
50.375,0,0
50.38,0,0
50.385,0,0
50.39,0,0
50.395,0,0
50.4,0,0
50.405,0,0
50.41,0,0
50.415,0,0
50.42,0,0
50.425,0,0
50.43,0,0
50.435,0,0
50.44,0,0
50.445,0,0
50.45,0,0
50.455,0,0
50.46,0,0
50.465,0,0
50.47,0,0
50.475,0,0
50.48,0,0
50.485,0,0
50.49,0,0
50.495,0,0
50.5,0,0
50.505,0,0
50.51,0,0
50.515,0,0
50.52,0,0
50.525,0,0
50.53,0,0
50.535,0,0
50.54,0,0
50.545,0,0
50.55,0,0
50.555,0,0
50.56,0,0
50.565,0,0
50.57,0,0
50.575,0,0
50.58,0,0
50.585,0,0
50.59,0,0
50.595,0,0
50.6,0,0
50.605,0,0
50.61,0,0
50.615,0,0
50.62,0,0
50.625,0,0
50.63,0,0
50.635,0,0
50.64,0,0
50.645,0,0
50.65,0,0
50.655,0,0
50.66,0,0
50.665,0,0
50.67,0,0
50.675,0,0
50.68,0,0
50.685,0,0
50.69,0,0
50.695,0,0
50.7,0,0
50.705,0,0
50.71,0,0
50.715,0,0
50.72,0,0
50.725,0,0
50.73,0,0
50.735,0,0
50.74,0,0
50.745,0,0
50.75,0,0
50.755,0,0
50.76,0,0
50.765,0,0
50.77,0,0
50.775,0,0
50.78,0,0
50.785,0,0
50.79,0,0
50.795,0,0
50.8,0,0
50.805,0,0
50.81,0,0
50.815,0,0
50.82,0,0
50.825,0,0
50.83,0,0
50.835,0,0
50.84,0,0
50.845,0,0
50.85,0,0
50.855,0,0
50.86,0,0
50.865,0,0
50.87,0,0
50.875,0,0
50.88,0,0
50.885,0,0
50.89,0,0
50.895,0,0
50.9,0,0
50.905,0,0
50.91,0,0
50.915,0,0
50.92,0,0
50.925,0,0
50.93,0,0
50.935,0,0
50.94,0,0
50.945,0,0
50.95,0,0
50.955,0,0
50.96,0,0
50.965,0,0
50.97,0,0
50.975,0,0
50.98,0,0
50.985,0,0
50.99,0,0
50.995,0,0
51,0,0
